0,0.5
0.00104167,0.490393
0.00208333,0.46194
0.003125,0.415735
0.00416667,0.353553
0.00520833,0.277785
0.00625,0.191342
0.00729167,0.0975452
0.00833333,-4.00643e-08
0.009375,-0.0975452
0.0104167,-0.191342
0.0114583,-0.277785
0.0125,-0.353553
0.0135417,-0.415735
0.0145833,-0.46194
0.015625,-0.490393
0.0166667,-0.5
0.0177083,-0.490393
0.01875,-0.46194
0.0197917,-0.415735
0.0208333,-0.353553
0.021875,-0.277785
0.0229167,-0.191341
0.0239583,-0.0975445
0.025,7.34618e-07
0.0260417,0.097546
0.0270833,0.191343
0.028125,0.277786
0.0291667,0.353554
0.0302083,0.415735
0.03125,0.46194
0.0322917,0.490393
0.0333333,0.5
0.034375,0.490392
0.0354167,0.46194
0.0364583,0.415734
0.0375,0.353553
0.0385417,0.277785
0.0395833,0.191341
0.040625,0.097545
0.0416667,-1.12546e-07
0.0427083,-0.0975452
0.04375,-0.191342
0.0447917,-0.277785
0.0458333,-0.353553
0.046875,-0.415735
0.0479167,-0.46194
0.0489583,-0.490393
0.05,-0.5
0.0510417,-0.490393
0.0520833,-0.46194
0.053125,-0.415735
0.0541667,-0.353554
0.0552083,-0.277786
0.05625,-0.191343
0.0572917,-0.0975464
0.0583333,-1.38728e-06
0.059375,0.0975437
0.0604167,0.19134
0.0614583,0.277784
0.0625,0.353552
0.0635417,0.415734
0.0645833,0.461939
0.065625,0.490392
0.0666666,0.5
0.0677083,0.490393
0.06875,0.461941
0.0697916,0.415736
0.0708333,0.353555
0.071875,0.277787
0.0729166,0.191344
0.0739583,0.0975476
0.075,2.536e-06
0.0760416,-0.0975426
0.0770833,-0.191339
0.078125,-0.277783
0.0791666,-0.353551
0.0802083,-0.415733
0.08125,-0.461939
0.0822916,-0.490392
0.0833333,-0.5
0.084375,-0.490393
0.0854166,-0.461941
0.0864583,-0.415737
0.0875,-0.353556
0.0885416,-0.277788
0.0895833,-0.191345
0.090625,-0.097549
0.0916666,-4.03582e-06
0.0927083,0.0975411
0.09375,0.191338
0.0947916,0.277782
0.0958333,0.35355
0.096875,0.415732
0.0979166,0.461938
0.0989583,0.490392
0.0999999,0.5
0.101042,0.490394
0.102083,0.461942
0.103125,0.415738
0.104167,0.353557
0.105208,0.277789
0.10625,0.191347
0.107292,0.0975505
0.108333,5.53565e-06
0.109375,-0.0975396
0.110417,-0.191336
0.111458,-0.27778
0.1125,-0.353549
0.113542,-0.415731
0.114583,-0.461937
0.115625,-0.490391
0.116667,-0.5
0.117708,-0.490394
0.11875,-0.461942
0.119792,-0.415738
0.120833,-0.353558
0.121875,-0.277791
0.122917,-0.191348
0.123958,-0.097552
0.125,-7.03547e-06
0.126042,0.0975382
0.127083,0.191335
0.128125,0.277779
0.129167,0.353548
0.130208,0.415731
0.13125,0.461937
0.132292,0.490391
0.133333,0.5
0.134375,0.490394
0.135417,0.461943
0.136458,0.415739
0.1375,0.353559
0.138542,0.277792
0.139583,0.191349
0.140625,0.0975534
0.141667,8.53529e-06
0.142708,-0.0975367
0.14375,-0.191334
0.144792,-0.277778
0.145833,-0.353547
0.146875,-0.41573
0.147917,-0.461936
0.148958,-0.490391
0.15,-0.5
0.151042,-0.490394
0.152083,-0.461943
0.153125,-0.41574
0.154167,-0.35356
0.155208,-0.277793
0.15625,-0.191351
0.157292,-0.0975549
0.158333,-1.00351e-05
0.159375,0.0975352
0.160417,0.191332
0.161458,0.277777
0.1625,0.353546
0.163542,0.415729
0.164583,0.461936
0.165625,0.490391
0.166667,0.5
0.167708,0.490395
0.16875,0.461944
0.169792,0.415741
0.170833,0.353561
0.171875,0.277794
0.172917,0.191352
0.173958,0.0975564
0.175,1.15349e-05
0.176042,-0.0975338
0.177083,-0.191331
0.178125,-0.277775
0.179167,-0.353545
0.180208,-0.415728
0.18125,-0.461935
0.182292,-0.49039
0.183333,-0.5
0.184375,-0.490395
0.185417,-0.461945
0.186458,-0.415742
0.1875,-0.353562
0.188542,-0.277796
0.189583,-0.191354
0.190625,-0.0975579
0.191667,-1.30348e-05
0.192708,0.0975323
0.19375,0.191329
0.194792,0.277774
0.195833,0.353544
0.196875,0.415727
0.197917,0.461935
0.198958,0.49039
0.2,0.5
0.201042,0.490395
0.202083,0.461945
0.203125,0.415743
0.204167,0.353563
0.205208,0.277797
0.20625,0.191355
0.207292,0.0975593
0.208333,1.45346e-05
0.209375,-0.0975308
0.210417,-0.191328
0.211458,-0.277773
0.2125,-0.353543
0.213542,-0.415726
0.214583,-0.461934
0.215625,-0.49039
0.216667,-0.5
0.217708,-0.490396
0.21875,-0.461946
0.219792,-0.415743
0.220833,-0.353564
0.221875,-0.277798
0.222916,-0.191356
0.223958,-0.0975608
0.225,-1.60344e-05
0.226041,0.0975293
0.227083,0.191327
0.228125,0.277772
0.229166,0.353542
0.230208,0.415726
0.23125,0.461933
0.232291,0.490389
0.233333,0.5
0.234375,0.490396
0.235416,0.461946
0.236458,0.415744
0.2375,0.353566
0.238541,0.277799
0.239583,0.191358
0.240625,0.0975623
0.241666,1.75342e-05
0.242708,-0.0975279
0.24375,-0.191325
0.244791,-0.27777
0.245833,-0.353541
0.246875,-0.415725
0.247916,-0.461933
0.248958,-0.490389
0.25,-0.5
0.251041,-0.490396
0.252083,-0.461946
0.253125,-0.415744
0.254167,-0.353564
0.255208,-0.277796
0.25625,-0.191353
0.257292,-0.0975555
0.258333,-9.20324e-06
0.259375,0.0975374
0.260417,0.191336
0.261458,0.277781
0.2625,0.353551
0.263542,0.415733
0.264583,0.461939
0.265625,0.490393
0.266667,0.5
0.267708,0.490392
0.26875,0.461938
0.269792,0.415732
0.270833,0.353549
0.271875,0.277779
0.272917,0.191333
0.273958,0.0975349
0.275,-1.17674e-05
0.276042,-0.097558
0.277083,-0.191355
0.278125,-0.277798
0.279167,-0.353565
0.280209,-0.415745
0.28125,-0.461947
0.282292,-0.490397
0.283334,-0.5
0.284375,-0.490388
0.285417,-0.46193
0.286459,-0.41572
0.2875,-0.353534
0.288542,-0.277761
0.289584,-0.191314
0.290625,-0.0975143
0.291667,3.2738e-05
0.292709,0.0975786
0.29375,0.191374
0.294792,0.277816
0.295834,0.35358
0.296875,0.415757
0.297917,0.461955
0.298959,0.490401
0.3,0.5
0.301042,0.490384
0.302084,0.461922
0.303126,0.415709
0.304167,0.353519
0.305209,0.277744
0.306251,0.191295
0.307292,0.0974938
0.308334,-5.37086e-05
0.309376,-0.0975991
0.310417,-0.191394
0.311459,-0.277833
0.312501,-0.353595
0.313542,-0.415768
0.314584,-0.461963
0.315626,-0.490405
0.316667,-0.5
0.317709,-0.49038
0.318751,-0.461914
0.319792,-0.415697
0.320834,-0.353504
0.321876,-0.277726
0.322917,-0.191275
0.323959,-0.0974732
0.325001,7.46791e-05
0.326042,0.0976197
0.327084,0.191413
0.328126,0.27785
0.329168,0.35361
0.330209,0.41578
0.331251,0.461971
0.332293,0.490409
0.333334,0.5
0.334376,0.490376
0.335418,0.461906
0.336459,0.415685
0.337501,0.353489
0.338543,0.277709
0.339584,0.191256
0.340626,0.0974526
0.341668,-9.56497e-05
0.342709,-0.0976403
0.343751,-0.191433
0.344793,-0.277868
0.345834,-0.353625
0.346876,-0.415792
0.347918,-0.461979
0.348959,-0.490413
0.350001,-0.5
0.351043,-0.490372
0.352084,-0.461898
0.353126,-0.415674
0.354168,-0.353475
0.35521,-0.277691
0.356251,-0.191236
0.357293,-0.0974321
0.358335,0.00011662
0.359376,0.0976608
0.360418,0.191452
0.36146,0.277885
0.362501,0.35364
0.363543,0.415803
0.364585,0.461987
0.365626,0.490417
0.366668,0.5
0.36771,0.490368
0.368751,0.46189
0.369793,0.415662
0.370835,0.35346
0.371876,0.277674
0.372918,0.191217
0.37396,0.0974115
0.375001,-0.000137591
0.376043,-0.0976814
0.377085,-0.191471
0.378127,-0.277903
0.379168,-0.353654
0.38021,-0.415815
0.381252,-0.461995
0.382293,-0.490421
0.383335,-0.5
0.384377,-0.490363
0.385418,-0.461882
0.38646,-0.41565
0.387502,-0.353445
0.388543,-0.277657
0.389585,-0.191198
0.390627,-0.0973909
0.391668,0.000158562
0.39271,0.097702
0.393752,0.191491
0.394793,0.27792
0.395835,0.353669
0.396877,0.415827
0.397918,0.462003
0.39896,0.490425
0.400002,0.5
0.401043,0.490359
0.402085,0.461874
0.403127,0.415639
0.404169,0.35343
0.40521,0.277639
0.406252,0.191178
0.407294,0.0973704
0.408335,-0.000179532
0.409377,-0.0977225
0.410419,-0.19151
0.41146,-0.277938
0.412502,-0.353684
0.413544,-0.415838
0.414585,-0.462011
0.415627,-0.490429
0.416669,-0.5
0.41771,-0.490355
0.418752,-0.461866
0.419794,-0.415627
0.420835,-0.353415
0.421877,-0.277622
0.422919,-0.191159
0.42396,-0.0973498
0.425002,0.000200503
0.426044,0.0977431
0.427085,0.191529
0.428127,0.277955
0.429169,0.353699
0.430211,0.41585
0.431252,0.462019
0.432294,0.490434
0.433336,0.5
0.434377,0.490351
0.435419,0.461858
0.436461,0.415615
0.437502,0.3534
0.438544,0.277604
0.439586,0.19114
0.440627,0.0973292
0.441669,-0.000221473
0.442711,-0.0977637
0.443752,-0.191549
0.444794,-0.277973
0.445836,-0.353714
0.446877,-0.415861
0.447919,-0.462027
0.448961,-0.490438
0.450002,-0.5
0.451044,-0.490347
0.452086,-0.46185
0.453128,-0.415604
0.454169,-0.353386
0.455211,-0.277587
0.456253,-0.19112
0.457294,-0.0973087
0.458336,0.000242444
0.459378,0.0977842
0.460419,0.191568
0.461461,0.27799
0.462503,0.353728
0.463544,0.415873
0.464586,0.462036
0.465628,0.490442
0.466669,0.5
0.467711,0.490343
0.468753,0.461842
0.469794,0.415592
0.470836,0.353371
0.471878,0.277569
0.472919,0.191101
0.473961,0.0972881
0.475003,-0.000263415
0.476044,-0.0978048
0.477086,-0.191587
0.478128,-0.278007
0.47917,-0.353743
0.480211,-0.415885
0.481253,-0.462044
0.482295,-0.490446
0.483336,-0.5
0.484378,-0.490339
0.48542,-0.461834
0.486461,-0.41558
0.487503,-0.353356
0.488545,-0.277552
0.489586,-0.191081
0.490628,-0.0972675
0.49167,0.000284385
0.492711,0.0978253
0.493753,0.191607
0.494795,0.278025
0.495836,0.353758
0.496878,0.415896
0.49792,0.462052
0.498961,0.49045
0.500003,0.5
0.501045,0.490336
0.502086,0.461829
0.503128,0.415575
0.50417,0.353351
0.505211,0.277548
0.506253,0.19108
0.507295,0.097269
0.508336,-0.000280076
0.509378,-0.0978184
0.51042,-0.191598
0.511461,-0.278014
0.512503,-0.353747
0.513545,-0.415886
0.514586,-0.462043
0.515628,-0.490445
0.51667,-0.5
0.517711,-0.490341
0.518753,-0.461838
0.519794,-0.415588
0.520836,-0.353368
0.521878,-0.277568
0.522919,-0.191102
0.523961,-0.0972925
0.525003,0.000256106
0.526044,0.0977949
0.527086,0.191576
0.528128,0.277994
0.529169,0.35373
0.530211,0.415873
0.531253,0.462034
0.532294,0.49044
0.533336,0.5
0.534378,0.490345
0.535419,0.461847
0.536461,0.415602
0.537503,0.353385
0.538544,0.277588
0.539586,0.191124
0.540627,0.097316
0.541669,-0.000232136
0.542711,-0.0977714
0.543752,-0.191553
0.544794,-0.277974
0.545836,-0.353713
0.546877,-0.41586
0.547919,-0.462025
0.548961,-0.490436
0.550002,-0.5
0.551044,-0.49035
0.552086,-0.461857
0.553127,-0.415615
0.554169,-0.353402
0.555211,-0.277608
0.556252,-0.191147
0.557294,-0.0973395
0.558336,0.000208166
0.559377,0.0977478
0.560419,0.191531
0.56146,0.277954
0.562502,0.353696
0.563544,0.415846
0.564585,0.462016
0.565627,0.490431
0.566669,0.5
0.56771,0.490355
0.568752,0.461866
0.569794,0.415628
0.570835,0.353419
0.571877,0.277628
0.572919,0.191169
0.57396,0.097363
0.575002,-0.000184196
0.576044,-0.0977243
0.577085,-0.191509
0.578127,-0.277935
0.579169,-0.353679
0.58021,-0.415833
0.581252,-0.462007
0.582294,-0.490427
0.583335,-0.5
0.584377,-0.490359
0.585418,-0.461875
0.58646,-0.415642
0.587502,-0.353436
0.588543,-0.277648
0.589585,-0.191191
0.590627,-0.0973865
0.591668,0.000160225
0.59271,0.0977008
0.593752,0.191487
0.594793,0.277915
0.595835,0.353662
0.596877,0.41582
0.597918,0.461998
0.59896,0.490422
0.600002,0.5
0.601043,0.490364
0.602085,0.461884
0.603127,0.415655
0.604168,0.353453
0.60521,0.277668
0.606251,0.191213
0.607293,0.0974101
0.608335,-0.000136255
0.609376,-0.0976773
0.610418,-0.191465
0.61146,-0.277895
0.612501,-0.353645
0.613543,-0.415806
0.614585,-0.461988
0.615626,-0.490417
0.616668,-0.5
0.61771,-0.490369
0.618751,-0.461893
0.619793,-0.415668
0.620835,-0.35347
0.621876,-0.277688
0.622918,-0.191235
0.62396,-0.0974336
0.625001,0.000112285
0.626043,0.0976538
0.627084,0.191443
0.628126,0.277875
0.629168,0.353629
0.630209,0.415793
0.631251,0.461979
0.632293,0.490413
0.633334,0.5
0.634376,0.490373
0.635418,0.461903
0.636459,0.415682
0.637501,0.353487
0.638543,0.277708
0.639584,0.191257
0.640626,0.0974571
0.641668,-8.83146e-05
0.642709,-0.0976303
0.643751,-0.191421
0.644793,-0.277855
0.645834,-0.353612
0.646876,-0.41578
0.647918,-0.46197
0.648959,-0.490408
0.650001,-0.5
0.651042,-0.490378
0.652084,-0.461912
0.653126,-0.415695
0.654167,-0.353504
0.655209,-0.277728
0.656251,-0.19128
0.657292,-0.0974806
0.658334,6.43443e-05
0.659376,0.0976068
0.660417,0.191398
0.661459,0.277835
0.662501,0.353595
0.663542,0.415766
0.664584,0.461961
0.665626,0.490403
0.666667,0.5
0.667709,0.490383
0.668751,0.461921
0.669792,0.415708
0.670834,0.353521
0.671875,0.277748
0.672917,0.191302
0.673959,0.0975041
0.675,-4.03741e-05
0.676042,-0.0975833
0.677084,-0.191376
0.678125,-0.277815
0.679167,-0.353578
0.680209,-0.415753
0.68125,-0.461952
0.682292,-0.490398
0.683334,-0.5
0.684375,-0.490387
0.685417,-0.46193
0.686459,-0.415722
0.6875,-0.353538
0.688542,-0.277768
0.689584,-0.191324
0.690625,-0.0975276
0.691667,1.64038e-05
0.692708,0.0975598
0.69375,0.191354
0.694792,0.277795
0.695833,0.353561
0.696875,0.41574
0.697917,0.461943
0.698958,0.490394
0.7,0.5
0.701042,0.490392
0.702083,0.461939
0.703125,0.415735
0.704167,0.353555
0.705208,0.277788
0.70625,0.191346
0.707292,0.0975511
0.708333,7.56642e-06
0.709375,-0.0975363
0.710417,-0.191332
0.711458,-0.277775
0.7125,-0.353544
0.713542,-0.415726
0.714583,-0.461933
0.715625,-0.490389
0.716666,-0.5
0.717708,-0.490397
0.71875,-0.461948
0.719791,-0.415748
0.720833,-0.353571
0.721875,-0.277808
0.722916,-0.191368
0.723958,-0.0975746
0.725,-3.15367e-05
0.726041,0.0975128
0.727083,0.19131
0.728125,0.277755
0.729166,0.353527
0.730208,0.415713
0.73125,0.461924
0.732291,0.490384
0.733333,0.5
0.734375,0.490401
0.735416,0.461958
0.736458,0.415761
0.737499,0.353588
0.738541,0.277828
0.739583,0.19139
0.740624,0.0975981
0.741666,5.55069e-05
0.742708,-0.0974893
0.743749,-0.191288
0.744791,-0.277735
0.745833,-0.35351
0.746874,-0.4157
0.747916,-0.461915
0.748958,-0.49038
0.749999,-0.5
0.751041,-0.490406
0.752083,-0.461967
0.753124,-0.415775
0.754166,-0.353605
0.755208,-0.277847
0.756249,-0.191412
0.757291,-0.0976216
0.758332,-7.94772e-05
0.759374,0.0974657
0.760416,0.191266
0.761457,0.277715
0.762499,0.353493
0.763541,0.415686
0.764582,0.461906
0.765624,0.490375
0.766666,0.5
0.767707,0.490411
0.768749,0.461976
0.769791,0.415788
0.770832,0.353622
0.771874,0.277867
0.772916,0.191435
0.773957,0.0976451
0.774999,0.000103447
0.776041,-0.0974422
0.777082,-0.191243
0.778124,-0.277695
0.779166,-0.353476
0.780207,-0.415673
0.781249,-0.461897
0.78229,-0.49037
0.783332,-0.5
0.784374,-0.490415
0.785415,-0.461985
0.786457,-0.415801
0.787499,-0.353639
0.78854,-0.277887
0.789582,-0.191457
0.790624,-0.0976687
0.791665,-0.000127418
0.792707,0.0974187
0.793749,0.191221
0.79479,0.277675
0.795832,0.353459
0.796874,0.41566
0.797915,0.461888
0.798957,0.490366
0.799999,0.5
0.80104,0.49042
0.802082,0.461994
0.803123,0.415815
0.804165,0.353656
0.805207,0.277907
0.806248,0.191479
0.80729,0.0976922
0.808332,0.000151388
0.809373,-0.0973952
0.810415,-0.191199
0.811457,-0.277655
0.812498,-0.353442
0.81354,-0.415647
0.814582,-0.461878
0.815623,-0.490361
0.816665,-0.5
0.817707,-0.490425
0.818748,-0.462003
0.81979,-0.415828
0.820832,-0.353673
0.821873,-0.277927
0.822915,-0.191501
0.823956,-0.0977157
0.824998,-0.000175358
0.82604,0.0973717
0.827081,0.191177
0.828123,0.277636
0.829165,0.353425
0.830206,0.415633
0.831248,0.461869
0.83229,0.490356
0.833331,0.5
0.834373,0.490429
0.835415,0.462013
0.836456,0.415841
0.837498,0.35369
0.83854,0.277947
0.839581,0.191523
0.840623,0.0977392
0.841665,0.000199328
0.842706,-0.0973482
0.843748,-0.191155
0.84479,-0.277616
0.845831,-0.353408
0.846873,-0.41562
0.847914,-0.46186
0.848956,-0.490352
0.849998,-0.5
0.851039,-0.490434
0.852081,-0.462022
0.853123,-0.415855
0.854164,-0.353707
0.855206,-0.277967
0.856248,-0.191545
0.857289,-0.0977627
0.858331,-0.000223299
0.859373,0.0973247
0.860414,0.191133
0.861456,0.277596
0.862498,0.353391
0.863539,0.415607
0.864581,0.461851
0.865623,0.490347
0.866664,0.5
0.867706,0.490439
0.868747,0.462031
0.869789,0.415868
0.870831,0.353724
0.871872,0.277987
0.872914,0.191567
0.873956,0.0977862
0.874997,0.000247269
0.876039,-0.0973012
0.877081,-0.19111
0.878122,-0.277576
0.879164,-0.353374
0.880206,-0.415593
0.881247,-0.461842
0.882289,-0.490342
0.883331,-0.5
0.884372,-0.490443
0.885414,-0.46204
0.886456,-0.415881
0.887497,-0.353741
0.888539,-0.278007
0.88958,-0.19159
0.890622,-0.0978097
0.891664,-0.000271239
0.892705,0.0972776
0.893747,0.191088
0.894789,0.277556
0.89583,0.353357
0.896872,0.41558
0.897914,0.461832
0.898955,0.490338
0.899997,0.5
0.901039,0.490448
0.90208,0.462049
0.903122,0.415895
0.904164,0.353758
0.905205,0.278027
0.906247,0.191612
0.907289,0.0978332
0.90833,0.000295209
0.909372,-0.0972541
0.910414,-0.191066
0.911455,-0.277536
0.912497,-0.35334
0.913538,-0.415567
0.91458,-0.461823
0.915622,-0.490333
0.916663,-0.5
0.917705,-0.490453
0.918747,-0.462058
0.919788,-0.415908
0.92083,-0.353775
0.921872,-0.278047
0.922913,-0.191634
0.923955,-0.0978567
0.924997,-0.00031918
0.926038,0.0972306
0.92708,0.191044
0.928122,0.277516
0.929163,0.353323
0.930205,0.415553
0.931247,0.461814
0.932288,0.490328
0.93333,0.5
0.934371,0.490457
0.935413,0.462068
0.936455,0.415921
0.937496,0.353792
0.938538,0.278067
0.93958,0.191656
0.940621,0.0978802
0.941663,0.00034315
0.942705,-0.0972071
0.943746,-0.191022
0.944788,-0.277496
0.94583,-0.353306
0.946871,-0.41554
0.947913,-0.461805
0.948955,-0.490324
0.949996,-0.5
0.951038,-0.490462
0.95208,-0.462077
0.953121,-0.415935
0.954163,-0.353809
0.955204,-0.278087
0.956246,-0.191678
0.957288,-0.0979037
0.958329,-0.00036712
0.959371,0.0971836
0.960413,0.191
0.961454,0.277476
0.962496,0.353289
0.963538,0.415527
0.964579,0.461796
0.965621,0.490319
0.966663,0.5
0.967704,0.490467
0.968746,0.462086
0.969788,0.415948
0.970829,0.353826
0.971871,0.278106
0.972913,0.1917
0.973954,0.0979272
0.974996,0.00039109
0.976038,-0.0971601
0.977079,-0.190978
0.978121,-0.277456
0.979162,-0.353272
0.980204,-0.415513
0.981246,-0.461787
0.982287,-0.490314
0.983329,-0.5
0.984371,-0.490471
0.985412,-0.462095
0.986454,-0.415961
0.987496,-0.353843
0.988537,-0.278126
0.989579,-0.191722
0.990621,-0.0979507
0.991662,-0.000415061
0.992704,0.0971366
0.993746,0.190955
0.994787,0.277436
0.995829,0.353256
0.996871,0.4155
0.997912,0.461777
0.998954,0.490309
0.999995,0.5
1.00104,0.490476
1.00208,0.462104
1.00312,0.415974
1.00416,0.353859
1.0052,0.278146
1.00625,0.191744
1.00729,0.0979742
1.00833,0.000439031
1.00937,-0.0971131
1.01041,-0.190933
1.01145,-0.277416
1.0125,-0.353239
1.01354,-0.415487
1.01458,-0.461768
1.01562,-0.490305
1.01666,-0.5
1.0177,-0.490481
1.01875,-0.462113
1.01979,-0.415988
1.02083,-0.353876
1.02187,-0.278166
1.02291,-0.191767
1.02395,-0.0979978
1.025,-0.000463001
1.02604,0.0970895
1.02708,0.190911
1.02812,0.277396
1.02916,0.353222
1.0302,0.415473
1.03124,0.461759
1.03229,0.4903
1.03333,0.5
1.03437,0.490485
1.03541,0.462122
1.03645,0.416001
1.03749,0.353893
1.03854,0.278186
1.03958,0.191789
1.04062,0.0980213
1.04166,0.000486971
1.0427,-0.097066
1.04374,-0.190889
1.04479,-0.277376
1.04583,-0.353205
1.04687,-0.41546
1.04791,-0.46175
1.04895,-0.490295
1.04999,-0.5
1.05104,-0.49049
1.05208,-0.462132
1.05312,-0.416014
1.05416,-0.35391
1.0552,-0.278206
1.05624,-0.191811
1.05729,-0.0980448
1.05833,-0.000510941
1.05937,0.0970425
1.06041,0.190867
1.06145,0.277356
1.06249,0.353188
1.06354,0.415447
1.06458,0.461741
1.06562,0.490291
1.06666,0.5
1.0677,0.490495
1.06874,0.462141
1.06979,0.416028
1.07083,0.353927
1.07187,0.278226
1.07291,0.191833
1.07395,0.0980683
1.07499,0.000534912
1.07604,-0.097019
1.07708,-0.190845
1.07812,-0.277336
1.07916,-0.353171
1.0802,-0.415433
1.08124,-0.461731
1.08229,-0.490286
1.08333,-0.5
1.08437,-0.490499
1.08541,-0.46215
1.08645,-0.416041
1.08749,-0.353944
1.08854,-0.278246
1.08958,-0.191855
1.09062,-0.0980918
1.09166,-0.000558882
1.0927,0.0969955
1.09374,0.190822
1.09479,0.277317
1.09583,0.353154
1.09687,0.41542
1.09791,0.461722
1.09895,0.490281
1.09999,0.5
1.10104,0.490504
1.10208,0.462159
1.10312,0.416054
1.10416,0.353961
1.1052,0.278266
1.10624,0.191877
1.10729,0.0981153
1.10833,0.000582852
1.10937,-0.096972
1.11041,-0.1908
1.11145,-0.277297
1.11249,-0.353137
1.11354,-0.415407
1.11458,-0.461713
1.11562,-0.490277
1.11666,-0.5
1.1177,-0.490509
1.11874,-0.462168
1.11979,-0.416067
1.12083,-0.353978
1.12187,-0.278286
1.12291,-0.191899
1.12395,-0.0981388
1.12499,-0.000606822
1.12604,0.0969485
1.12708,0.190778
1.12812,0.277277
1.12916,0.35312
1.1302,0.415393
1.13124,0.461704
1.13229,0.490272
1.13333,0.5
1.13437,0.490513
1.13541,0.462177
1.13645,0.416081
1.13749,0.353995
1.13854,0.278306
1.13958,0.191922
1.14062,0.0981623
1.14166,0.000630793
1.1427,-0.0969249
1.14374,-0.190756
1.14478,-0.277257
1.14583,-0.353103
1.14687,-0.41538
1.14791,-0.461695
1.14895,-0.490267
1.14999,-0.5
1.15103,-0.490518
1.15208,-0.462187
1.15312,-0.416094
1.15416,-0.354012
1.1552,-0.278326
1.15624,-0.191944
1.15728,-0.0981858
1.15833,-0.000654763
1.15937,0.0969014
1.16041,0.190734
1.16145,0.277237
1.16249,0.353086
1.16353,0.415367
1.16458,0.461685
1.16562,0.490262
1.16666,0.5
1.1677,0.490523
1.16874,0.462196
1.16978,0.416107
1.17083,0.354029
1.17187,0.278345
1.17291,0.191966
1.17395,0.0982093
1.17499,0.000678733
1.17603,-0.0968779
1.17708,-0.190712
1.17812,-0.277217
1.17916,-0.353069
1.1802,-0.415353
1.18124,-0.461676
1.18228,-0.490258
1.18333,-0.5
1.18437,-0.490527
1.18541,-0.462205
1.18645,-0.416121
1.18749,-0.354046
1.18853,-0.278365
1.18958,-0.191988
1.19062,-0.0982328
1.19166,-0.000702703
1.1927,0.0968544
1.19374,0.19069
1.19478,0.277197
1.19583,0.353052
1.19687,0.41534
1.19791,0.461667
1.19895,0.490253
1.19999,0.499999
1.20103,0.490532
1.20208,0.462214
1.20312,0.416134
1.20416,0.354063
1.2052,0.278385
1.20624,0.19201
1.20728,0.0982563
1.20833,0.000726674
1.20937,-0.0968309
1.21041,-0.190667
1.21145,-0.277177
1.21249,-0.353035
1.21353,-0.415326
1.21458,-0.461658
1.21562,-0.490248
1.21666,-0.499999
1.2177,-0.490537
1.21874,-0.462223
1.21978,-0.416147
1.22083,-0.35408
1.22187,-0.278405
1.22291,-0.192032
1.22395,-0.0982798
1.22499,-0.000750644
1.22603,0.0968074
1.22708,0.190645
1.22812,0.277157
1.22916,0.353018
1.2302,0.415313
1.23124,0.461649
1.23228,0.490244
1.23333,0.499999
1.23437,0.490541
1.23541,0.462232
1.23645,0.41616
1.23749,0.354096
1.23853,0.278425
1.23958,0.192054
1.24062,0.0983033
1.24166,0.000774614
1.2427,-0.0967838
1.24374,-0.190623
1.24478,-0.277137
1.24583,-0.353001
1.24687,-0.4153
1.24791,-0.461639
1.24895,-0.490239
1.24999,-0.499999
1.25103,-0.490546
1.25207,-0.462241
1.25312,-0.416174
1.25416,-0.354113
1.2552,-0.278445
1.25624,-0.192077
1.25728,-0.0983268
1.25832,-0.000798584
1.25937,0.0967603
1.26041,0.190601
1.26145,0.277117
1.26249,0.352984
1.26353,0.415286
1.26457,0.46163
1.26562,0.490234
1.26666,0.499999
1.2677,0.49055
1.26874,0.462251
1.26978,0.416187
1.27082,0.35413
1.27187,0.278465
1.27291,0.192099
1.27395,0.0983503
1.27499,0.000822554
1.27603,-0.0967368
1.27707,-0.190579
1.27812,-0.277097
1.27916,-0.352967
1.2802,-0.415273
1.28124,-0.461621
1.28228,-0.490229
1.28332,-0.499999
1.28437,-0.490555
1.28541,-0.46226
1.28645,-0.4162
1.28749,-0.354147
1.28853,-0.278485
1.28957,-0.192121
1.29062,-0.0983738
1.29166,-0.000846525
1.2927,0.0967133
1.29374,0.190557
1.29478,0.277077
1.29582,0.35295
1.29687,0.41526
1.29791,0.461612
1.29895,0.490225
1.29999,0.499999
1.30103,0.49056
1.30207,0.462269
1.30312,0.416214
1.30416,0.354164
1.3052,0.278505
1.30624,0.192143
1.30728,0.0983973
1.30832,0.000870495
1.30937,-0.0966898
1.31041,-0.190534
1.31145,-0.277057
1.31249,-0.352933
1.31353,-0.415246
1.31457,-0.461602
1.31562,-0.49022
1.31666,-0.499999
1.3177,-0.490564
1.31874,-0.462278
1.31978,-0.416227
1.32082,-0.354181
1.32187,-0.278525
1.32291,-0.192165
1.32395,-0.0984208
1.32499,-0.000894465
1.32603,0.0966663
1.32707,0.190512
1.32812,0.277037
1.32916,0.352916
1.3302,0.415233
1.33124,0.461593
1.33228,0.490215
1.33332,0.499999
1.33437,0.490569
1.33541,0.462287
1.33645,0.41624
1.33749,0.354198
1.33853,0.278545
1.33957,0.192187
1.34062,0.0984443
1.34166,0.000918435
1.3427,-0.0966427
1.34374,-0.19049
1.34478,-0.277017
1.34582,-0.352899
1.34687,-0.41522
1.34791,-0.461584
1.34895,-0.490211
1.34999,-0.499999
1.35103,-0.490574
1.35207,-0.462296
1.35312,-0.416253
1.35416,-0.354215
1.3552,-0.278564
1.35624,-0.192209
1.35728,-0.0984678
1.35832,-0.000942405
1.35936,0.0966192
1.36041,0.190468
1.36145,0.276997
1.36249,0.352882
1.36353,0.415206
1.36457,0.461575
1.36561,0.490206
1.36666,0.499999
1.3677,0.490578
1.36874,0.462305
1.36978,0.416267
1.37082,0.354232
1.37186,0.278584
1.37291,0.192231
1.37395,0.0984913
1.37499,0.000966376
1.37603,-0.0965957
1.37707,-0.190446
1.37811,-0.276977
1.37916,-0.352865
1.3802,-0.415193
1.38124,-0.461566
1.38228,-0.490201
1.38332,-0.499999
1.38436,-0.490583
1.38541,-0.462314
1.38645,-0.41628
1.38749,-0.354249
1.38853,-0.278604
1.38957,-0.192254
1.39061,-0.0985148
1.39166,-0.000990346
1.3927,0.0965722
1.39374,0.190424
1.39478,0.276957
1.39582,0.352848
1.39686,0.41518
1.39791,0.461556
1.39895,0.490196
1.39999,0.499999
1.40103,0.490588
1.40207,0.462324
1.40311,0.416293
1.40416,0.354266
1.4052,0.278624
1.40624,0.192276
1.40728,0.0985383
1.40832,0.00101432
1.40936,-0.0965487
1.41041,-0.190401
1.41145,-0.276937
1.41249,-0.352831
1.41353,-0.415166
1.41457,-0.461547
1.41561,-0.490192
1.41666,-0.499999
1.4177,-0.490592
1.41874,-0.462333
1.41978,-0.416307
1.42082,-0.354283
1.42186,-0.278644
1.42291,-0.192298
1.42395,-0.0985618
1.42499,-0.00103829
1.42603,0.0965251
1.42707,0.190379
1.42811,0.276917
1.42916,0.352814
1.4302,0.415153
1.43124,0.461538
1.43228,0.490187
1.43332,0.499999
1.43436,0.490597
1.43541,0.462342
1.43645,0.41632
1.43749,0.354299
1.43853,0.278664
1.43957,0.19232
1.44061,0.0985853
1.44166,0.00106226
1.4427,-0.0965016
1.44374,-0.190357
1.44478,-0.276898
1.44582,-0.352797
1.44686,-0.41514
1.44791,-0.461529
1.44895,-0.490182
1.44999,-0.499999
1.45103,-0.490601
1.45207,-0.462351
1.45311,-0.416333
1.45416,-0.354316
1.4552,-0.278684
1.45624,-0.192342
1.45728,-0.0986088
1.45832,-0.00108623
1.45936,0.0964781
1.46041,0.190335
1.46145,0.276878
1.46249,0.35278
1.46353,0.415126
1.46457,0.46152
1.46561,0.490178
1.46666,0.499999
1.4677,0.490606
1.46874,0.46236
1.46978,0.416346
1.47082,0.354333
1.47186,0.278704
1.4729,0.192364
1.47395,0.0986323
1.47499,0.0011102
1.47603,-0.0964546
1.47707,-0.190313
1.47811,-0.276858
1.47915,-0.352763
1.4802,-0.415113
1.48124,-0.46151
1.48228,-0.490173
1.48332,-0.499999
1.48436,-0.490611
1.4854,-0.462369
1.48645,-0.41636
1.48749,-0.35435
1.48853,-0.278724
1.48957,-0.192386
1.49061,-0.0986558
1.49165,-0.00113417
1.4927,0.0964311
1.49374,0.190291
1.49478,0.276838
1.49582,0.352746
1.49686,0.415099
1.4979,0.461501
1.49895,0.490168
1.49999,0.499999
1.50103,0.490615
1.50207,0.462378
1.50311,0.416373
1.50415,0.354367
1.5052,0.278744
1.50624,0.192408
1.50728,0.0986793
1.50832,0.00115814
1.50936,-0.0964075
1.5104,-0.190268
1.51145,-0.276818
1.51249,-0.352729
1.51353,-0.415086
1.51457,-0.461492
1.51561,-0.490163
1.51665,-0.499999
1.5177,-0.49062
1.51874,-0.462387
1.51978,-0.416386
1.52082,-0.354384
1.52186,-0.278764
1.5229,-0.192431
1.52395,-0.0987028
1.52499,-0.00118211
1.52603,0.096384
1.52707,0.190246
1.52811,0.276798
1.52915,0.352712
1.5302,0.415073
1.53124,0.461483
1.53228,0.490159
1.53332,0.499999
1.53436,0.490624
1.5354,0.462397
1.53645,0.4164
1.53749,0.354401
1.53853,0.278783
1.53957,0.192453
1.54061,0.0987263
1.54165,0.00120608
1.5427,-0.0963605
1.54374,-0.190224
1.54478,-0.276778
1.54582,-0.352695
1.54686,-0.415059
1.5479,-0.461473
1.54895,-0.490154
1.54999,-0.499999
1.55103,-0.490629
1.55207,-0.462406
1.55311,-0.416413
1.55415,-0.354418
1.5552,-0.278803
1.55624,-0.192475
1.55728,-0.0987498
1.55832,-0.00123005
1.55936,0.096337
1.5604,0.190202
1.56145,0.276758
1.56249,0.352678
1.56353,0.415046
1.56457,0.461464
1.56561,0.490149
1.56665,0.499998
1.5677,0.490634
1.56874,0.462415
1.56978,0.416426
1.57082,0.354435
1.57186,0.278823
1.5729,0.192497
1.57395,0.0987733
1.57499,0.00125402
1.57603,-0.0963135
1.57707,-0.19018
1.57811,-0.276738
1.57915,-0.352661
1.58019,-0.415033
1.58124,-0.461455
1.58228,-0.490144
1.58332,-0.499998
1.58436,-0.490638
1.5854,-0.462424
1.58644,-0.416439
1.58749,-0.354452
1.58853,-0.278843
1.58957,-0.192519
1.59061,-0.0987968
1.59165,-0.00127799
1.59269,0.0962899
1.59374,0.190158
1.59478,0.276718
1.59582,0.352644
1.59686,0.415019
1.5979,0.461446
1.59894,0.49014
1.59999,0.499998
1.60103,0.490643
1.60207,0.462433
1.60311,0.416453
1.60415,0.354469
1.60519,0.278863
1.60624,0.192541
1.60728,0.0988203
1.60832,0.00130196
1.60936,-0.0962664
1.6104,-0.190135
1.61144,-0.276698
1.61249,-0.352627
1.61353,-0.415006
1.61457,-0.461437
1.61561,-0.490135
1.61665,-0.499998
1.61769,-0.490648
1.61874,-0.462442
1.61978,-0.416466
1.62082,-0.354485
1.62186,-0.278883
1.6229,-0.192563
1.62394,-0.0988438
1.62499,-0.00132593
1.62603,0.0962429
1.62707,0.190113
1.62811,0.276678
1.62915,0.35261
1.63019,0.414993
1.63124,0.461427
1.63228,0.49013
1.63332,0.499998
1.63436,0.490652
1.6354,0.462451
1.63644,0.416479
1.63749,0.354502
1.63853,0.278903
1.63957,0.192585
1.64061,0.0988673
1.64165,0.0013499
1.64269,-0.0962194
1.64374,-0.190091
1.64478,-0.276658
1.64582,-0.352593
1.64686,-0.414979
1.6479,-0.461418
1.64894,-0.490125
1.64999,-0.499998
1.65103,-0.490657
1.65207,-0.46246
1.65311,-0.416492
1.65415,-0.354519
1.65519,-0.278923
1.65624,-0.192608
1.65728,-0.0988908
1.65832,-0.00137387
1.65936,0.0961959
1.6604,0.190069
1.66144,0.276638
1.66249,0.352576
1.66353,0.414966
1.66457,0.461409
1.66561,0.490121
1.66665,0.499998
1.66769,0.490661
1.66874,0.462469
1.66978,0.416506
1.67082,0.354536
1.67186,0.278943
1.6729,0.19263
1.67394,0.0989143
1.67499,0.00139784
1.67603,-0.0961723
1.67707,-0.190047
1.67811,-0.276618
1.67915,-0.352559
1.68019,-0.414952
1.68124,-0.4614
1.68228,-0.490116
1.68332,-0.499998
1.68436,-0.490666
1.6854,-0.462479
1.68644,-0.416519
1.68748,-0.354553
1.68853,-0.278962
1.68957,-0.192652
1.69061,-0.0989378
1.69165,-0.00142181
1.69269,0.0961488
1.69373,0.190025
1.69478,0.276598
1.69582,0.352542
1.69686,0.414939
1.6979,0.46139
1.69894,0.490111
1.69998,0.499998
1.70103,0.490671
1.70207,0.462488
1.70311,0.416532
1.70415,0.35457
1.70519,0.278982
1.70623,0.192674
1.70728,0.0989613
1.70832,0.00144578
1.70936,-0.0961253
1.7104,-0.190002
1.71144,-0.276578
1.71248,-0.352525
1.71353,-0.414926
1.71457,-0.461381
1.71561,-0.490106
1.71665,-0.499998
1.71769,-0.490675
1.71873,-0.462497
1.71978,-0.416545
1.72082,-0.354587
1.72186,-0.279002
1.7229,-0.192696
1.72394,-0.0989848
1.72498,-0.00146975
1.72603,0.0961018
1.72707,0.18998
1.72811,0.276558
1.72915,0.352508
1.73019,0.414912
1.73123,0.461372
1.73228,0.490102
1.73332,0.499998
1.73436,0.49068
1.7354,0.462506
1.73644,0.416559
1.73748,0.354604
1.73853,0.279022
1.73957,0.192718
1.74061,0.0990083
1.74165,0.00149372
1.74269,-0.0960782
1.74373,-0.189958
1.74478,-0.276538
1.74582,-0.352491
1.74686,-0.414899
1.7479,-0.461363
1.74894,-0.490097
1.74998,-0.499998
1.75103,-0.490684
1.75207,-0.462515
1.75311,-0.416572
1.75415,-0.354621
1.75519,-0.279042
1.75623,-0.19274
1.75728,-0.0990318
1.75832,-0.00151769
1.75936,0.0960547
1.7604,0.189936
1.76144,0.276518
1.76248,0.352474
1.76353,0.414886
1.76457,0.461353
1.76561,0.490092
1.76665,0.499998
1.76769,0.490689
1.76873,0.462524
1.76978,0.416585
1.77082,0.354638
1.77186,0.279062
1.7729,0.192762
1.77394,0.0990553
1.77498,0.00154166
1.77603,-0.0960312
1.77707,-0.189914
1.77811,-0.276498
1.77915,-0.352457
1.78019,-0.414872
1.78123,-0.461344
1.78228,-0.490087
1.78332,-0.499998
1.78436,-0.490694
1.7854,-0.462533
1.78644,-0.416598
1.78748,-0.354654
1.78853,-0.279082
1.78957,-0.192784
1.79061,-0.0990788
1.79165,-0.00156563
1.79269,0.0960077
1.79373,0.189892
1.79478,0.276478
1.79582,0.35244
1.79686,0.414859
1.7979,0.461335
1.79894,0.490083
1.79998,0.499997
1.80102,0.490698
1.80207,0.462542
1.80311,0.416612
1.80415,0.354671
1.80519,0.279102
1.80623,0.192807
1.80727,0.0991023
1.80832,0.0015896
1.80936,-0.0959841
1.8104,-0.189869
1.81144,-0.276458
1.81248,-0.352423
1.81352,-0.414845
1.81457,-0.461326
1.81561,-0.490078
1.81665,-0.499997
1.81769,-0.490703
1.81873,-0.462551
1.81977,-0.416625
1.82082,-0.354688
1.82186,-0.279122
1.8229,-0.192829
1.82394,-0.0991258
1.82498,-0.00161357
1.82602,0.0959606
1.82707,0.189847
1.82811,0.276438
1.82915,0.352406
1.83019,0.414832
1.83123,0.461316
1.83227,0.490073
1.83332,0.499997
1.83436,0.490707
1.8354,0.462561
1.83644,0.416638
1.83748,0.354705
1.83852,0.279141
1.83957,0.192851
1.84061,0.0991492
1.84165,0.00163754
1.84269,-0.0959371
1.84373,-0.189825
1.84477,-0.276418
1.84582,-0.352389
1.84686,-0.414819
1.8479,-0.461307
1.84894,-0.490068
1.84998,-0.499997
1.85102,-0.490712
1.85207,-0.46257
1.85311,-0.416651
1.85415,-0.354722
1.85519,-0.279161
1.85623,-0.192873
1.85727,-0.0991727
1.85832,-0.00166151
1.85936,0.0959136
1.8604,0.189803
1.86144,0.276398
1.86248,0.352372
1.86352,0.414805
1.86457,0.461298
1.86561,0.490064
1.86665,0.499997
1.86769,0.490717
1.86873,0.462579
1.86977,0.416665
1.87082,0.354739
1.87186,0.279181
1.8729,0.192895
1.87394,0.0991962
1.87498,0.00168548
1.87602,-0.09589
1.87707,-0.189781
1.87811,-0.276378
1.87915,-0.352355
1.88019,-0.414792
1.88123,-0.461289
1.88227,-0.490059
1.88332,-0.499997
1.88436,-0.490721
1.8854,-0.462588
1.88644,-0.416678
1.88748,-0.354756
1.88852,-0.279201
1.88957,-0.192917
1.89061,-0.0992197
1.89165,-0.00170945
1.89269,0.0958665
1.89373,0.189758
1.89477,0.276358
1.89582,0.352338
1.89686,0.414778
1.8979,0.461279
1.89894,0.490054
1.89998,0.499997
1.90102,0.490726
1.90207,0.462597
1.90311,0.416691
1.90415,0.354773
1.90519,0.279221
1.90623,0.192939
1.90727,0.0992432
1.90831,0.00173342
1.90936,-0.095843
1.9104,-0.189736
1.91144,-0.276338
1.91248,-0.352321
1.91352,-0.414765
1.91456,-0.46127
1.91561,-0.490049
1.91665,-0.499997
1.91769,-0.49073
1.91873,-0.462606
1.91977,-0.416704
1.92081,-0.35479
1.92186,-0.279241
1.9229,-0.192961
1.92394,-0.0992667
1.92498,-0.00175739
1.92602,0.0958195
1.92706,0.189714
1.92811,0.276318
1.92915,0.352304
1.93019,0.414752
1.93123,0.461261
1.93227,0.490045
1.93331,0.499997
1.93436,0.490735
1.9354,0.462615
1.93644,0.416718
1.93748,0.354807
1.93852,0.279261
1.93956,0.192983
1.94061,0.0992902
1.94165,0.00178136
1.94269,-0.0957959
1.94373,-0.189692
1.94477,-0.276298
1.94581,-0.352287
1.94686,-0.414738
1.9479,-0.461252
1.94894,-0.49004
1.94998,-0.499997
1.95102,-0.49074
1.95206,-0.462624
1.95311,-0.416731
1.95415,-0.354823
1.95519,-0.279281
1.95623,-0.193006
1.95727,-0.0993137
1.95831,-0.00180533
1.95936,0.0957724
1.9604,0.18967
1.96144,0.276278
1.96248,0.35227
1.96352,0.414725
1.96456,0.461242
1.96561,0.490035
1.96665,0.499997
1.96769,0.490744
1.96873,0.462633
1.96977,0.416744
1.97081,0.35484
1.97186,0.279301
1.9729,0.193028
1.97394,0.0993372
1.97498,0.0018293
1.97602,-0.0957489
1.97706,-0.189648
1.97811,-0.276258
1.97915,-0.352253
1.98019,-0.414712
1.98123,-0.461233
1.98227,-0.49003
1.98331,-0.499997
1.98436,-0.490749
1.9854,-0.462642
1.98644,-0.416757
1.98748,-0.354857
1.98852,-0.27932
1.98956,-0.19305
1.99061,-0.0993607
1.99165,-0.00185327
1.99269,0.0957254
1.99373,0.189625
1.99477,0.276239
1.99581,0.352236
1.99686,0.414698
1.9979,0.461224
1.99894,0.490026
